{
  "type": "minecraft:crafting_shaped",
  "category": "building",
  "pattern": [
    "S",
    "X",
    "S"
  ],
  "key": {
    "X": [
      "stripped_birch_log"
    ],
    "S": [
      "polished_deepslate"
    ]
  },
  "result": {
    "id": "minecraft:player_head",
    "count": 1,
    "components": {
      "minecraft:custom_name": "Birch Support",
      "minecraft:profile": {
        "id": [
          -1611975553,
          1257590649,
          -1477637547,
          1111049791
        ],
        "properties": [
          {
            "name": "textures",
            "value": "eyJ0ZXh0dXJlcyI6eyJTS0lOIjp7InVybCI6Imh0dHA6Ly90ZXh0dXJlcy5taW5lY3JhZnQubmV0L3RleHR1cmUvZDJmNTQwNzNmNDVkNmY0ZTVmYzYzZGE1YzU5OTJmYTFiMjcxZTE3ZTIxYzk5MGI2NWJlMWUyZTBiOWZiYThlMyJ9fX0="
          }
        ]
      }
    }
  },
  "show_notification": false
}
