{
  "type": "minecraft:crafting_shaped",
  "category": "building",
  "pattern": [
    "S",
    "X",
    "S"
  ],
  "key": {
    "X": [
      "stripped_dark_oak_log"
    ],
    "S": [
      "polished_deepslate"
    ]
  },
  "result": {
    "id": "minecraft:player_head",
    "count": 1,
    "components": {
      "minecraft:custom_name": "Dark Oak Support",
      "minecraft:profile": {
        "id": [
          670686808,
          -529055055,
          -1304651633,
          -12652419
        ],
        "properties": [
          {
            "name": "textures",
            "value": "eyJ0ZXh0dXJlcyI6eyJTS0lOIjp7InVybCI6Imh0dHA6Ly90ZXh0dXJlcy5taW5lY3JhZnQubmV0L3RleHR1cmUvYzM4NjFlMTk2NzZkYjE0ZmNiNGYzMmI4Yjc1MDdmOGIxZWY2MzM2Y2E5MDU1NzUyNjZhYTEzNWU1ODhkY2RkNiJ9fX0="
          }
        ]
      }
    }
  },
  "show_notification": false
}
