{
  "type": "minecraft:crafting_shaped",
  "category": "building",
  "pattern": [
    "S",
    "X",
    "S"
  ],
  "key": {
    "X": [
      "stripped_jungle_log"
    ],
    "S": [
      "polished_deepslate"
    ]
  },
  "result": {
    "id": "minecraft:player_head",
    "count": 1,
    "components": {
      "minecraft:custom_name": "Jungle Support",
      "minecraft:profile": {
        "id": [
          1578500222,
          649740367,
          -1308206791,
          -1648857029
        ],
        "properties": [
          {
            "name": "textures",
            "value": "eyJ0ZXh0dXJlcyI6eyJTS0lOIjp7InVybCI6Imh0dHA6Ly90ZXh0dXJlcy5taW5lY3JhZnQubmV0L3RleHR1cmUvOGI4OWM0NmMzNTQ0ZGUzNTMwY2NhYjhiMDE3MTRlMmNiMjdjZDE5YjEyMjRjZDJkZWFkZjljNTZlM2E4NjQ2MiJ9fX0="
          }
        ]
      }
    }
  },
  "show_notification": false
}
