{
  "type": "minecraft:crafting_shaped",
  "category": "building",
  "pattern": [
    "S",
    "X",
    "S"
  ],
  "key": {
    "X": [
      "stripped_mangrove_log"
    ],
    "S": [
      "polished_deepslate"
    ]
  },
  "result": {
    "id": "minecraft:player_head",
    "count": 1,
    "components": {
      "minecraft:custom_name": "Mangrove Support",
      "minecraft:profile": {
        "id": [
          1506828261,
          905921313,
          -2001181313,
          119837162
        ],
        "properties": [
          {
            "name": "textures",
            "value": "eyJ0ZXh0dXJlcyI6eyJTS0lOIjp7InVybCI6Imh0dHA6Ly90ZXh0dXJlcy5taW5lY3JhZnQubmV0L3RleHR1cmUvMWM2N2JjMTQ0MzU2YTUyZDNhMjcxNWYyMDI3YTQxZmMyNDY2OThhM2ZkYTkwNmY2NDc5MmU2YzRhYjNiN2RjYiJ9fX0="
          }
        ]
      }
    }
  },
  "show_notification": false
}
