{
  "type": "minecraft:crafting_shaped",
  "category": "blocks",
  "pattern": [
    "S",
    "X",
    "S"
  ],
  "key": {
    "X": {
      "item": "minecraft:stripped_cherry_log"
    },
    "S": {
      "item": "minecraft:polished_deepslate"
    }
  },
  "result": {
    "id": "minecraft:player_head",
    "count": 1,
    "components": {
      "minecraft:custom_name": "{\"text\":\"Cherry Support\"}",
      "minecraft:profile": {
        "id": [
          879125304,
          -1536145588,
          -1904482201,
          -1382263808
        ],
        "properties": [
          {
            "name": "textures",
            "value": "eyJ0ZXh0dXJlcyI6eyJTS0lOIjp7InVybCI6Imh0dHA6Ly90ZXh0dXJlcy5taW5lY3JhZnQubmV0L3RleHR1cmUvNTNjMzJiZjM2NWJmODkzMTZhMjYwMjg5YTU2YzRjYjFlYjY4YmZmOTBlNWQxNjZmNWExNjFmZWI3NDk3NWZlYiJ9fX0="
          }
        ]
      }
    }
  },
  "show_notification": false
}
