{
  "type": "minecraft:crafting_shaped",
  "category": "blocks",
  "pattern": [
    "S",
    "X",
    "S"
  ],
  "key": {
    "X": {
      "item": "minecraft:stripped_crimson_stem"
    },
    "S": {
      "item": "minecraft:polished_deepslate"
    }
  },
  "result": {
    "id": "minecraft:player_head",
    "count": 1,
    "components": {
      "minecraft:custom_name": "{\"text\":\"Crimson Support\"}",
      "minecraft:profile": {
        "id": [
          -2101812418,
          1320110717,
          -1319585325,
          899034127
        ],
        "properties": [
          {
            "name": "textures",
            "value": "eyJ0ZXh0dXJlcyI6eyJTS0lOIjp7InVybCI6Imh0dHA6Ly90ZXh0dXJlcy5taW5lY3JhZnQubmV0L3RleHR1cmUvYzQ4YWY5YThjZGRiYTVkYjA4MzQ4MzQwODQ4YWM5ZmFjMjQyZDkxYTQzOGM3YjdhZDFmYzVhNjJlNWQyNTZlZSJ9fX0="
          }
        ]
      }
    }
  },
  "show_notification": false
}
