{
  "type": "minecraft:crafting_shaped",
  "category": "blocks",
  "pattern": [
    "S",
    "X",
    "S"
  ],
  "key": {
    "X": {
      "item": "minecraft:stripped_spruce_log"
    },
    "S": {
      "item": "minecraft:polished_deepslate"
    }
  },
  "result": {
    "id": "minecraft:player_head",
    "count": 1,
    "components": {
      "minecraft:custom_name": "{\"text\":\"Spruce Support\"}",
      "minecraft:profile": {
        "id": [
          -1370368749,
          1277316071,
          -2005619957,
          735661102
        ],
        "properties": [
          {
            "name": "textures",
            "value": "eyJ0ZXh0dXJlcyI6eyJTS0lOIjp7InVybCI6Imh0dHA6Ly90ZXh0dXJlcy5taW5lY3JhZnQubmV0L3RleHR1cmUvZmZiNGQ0ZDE2MDk1MDk3M2I5MjlhYWUxNzExYjQ2YWQ5NGExMGI3OTdmYjgzYjg0ZGY1OGI3NDZiM2UzMGJiNiJ9fX0="
          }
        ]
      }
    }
  },
  "show_notification": false
}
