{
  "type": "minecraft:crafting_shaped",
  "category": "building",
  "pattern": [
    "S",
    "X",
    "S"
  ],
  "key": {
    "X": [
      "stripped_acacia_log"
    ],
    "S": [
      "polished_deepslate"
    ]
  },
  "result": {
    "id": "minecraft:player_head",
    "count": 1,
    "components": {
      "minecraft:custom_name": "{'text':'Acacia Support'}",
      "minecraft:profile": {
        "id": [
          684192821,
          1968131071,
          -1197144973,
          -1538410225
        ],
        "properties": [
          {
            "name": "textures",
            "value": "eyJ0ZXh0dXJlcyI6eyJTS0lOIjp7InVybCI6Imh0dHA6Ly90ZXh0dXJlcy5taW5lY3JhZnQubmV0L3RleHR1cmUvY2NhMTdjNzUzMWUwNDExMTA5MjkxOTgxMDFkNDFmNDE2MjIwYjRiMDFhNzgwZDI2NDJkMmNjMWRlOTVkMmViYiJ9fX0="
          }
        ]
      }
    }
  },
  "show_notification": false
}
