{
  "type": "minecraft:crafting_shaped",
  "category": "blocks",
  "pattern": [
    "S",
    "X",
    "S"
  ],
  "key": {
    "X": {
      "item": "minecraft:stripped_oak_log"
    },
    "S": {
      "item": "minecraft:polished_deepslate"
    }
  },
  "result": {
    "id": "minecraft:player_head",
    "count": 1,
    "components": {
      "minecraft:custom_name": "{\"text\":\"Oak Support\"}",
      "minecraft:profile": {
        "id": [
          -843587738,
          1001671284,
          -1115572858,
          1132374617
        ],
        "properties": [
          {
            "name": "textures",
            "value": "eyJ0ZXh0dXJlcyI6eyJTS0lOIjp7InVybCI6Imh0dHA6Ly90ZXh0dXJlcy5taW5lY3JhZnQubmV0L3RleHR1cmUvYmJjZDQ3M2ZkNzM4ZTU5M2QwNzcxYTAwZjg3OTEzZmNkMWE4MDdjZDZmNDJkMjE0ZjJjODBkYjU5NjM5OTY5YiJ9fX0="
          }
        ]
      }
    }
  },
  "show_notification": false
}
